id;last_name;first_name;email;phone;address
1;Roger;Guenièvre;"npQgd@rI0TF.oeoyV";"2373923389";engage invoice Grocery
2;Guillaume;Silvère;"s@FSY5.toZBfp";"2447508388";Ergonomic Corse c
3;Lucas;Audran;"4JOI@Z.DkkqfHI";"3574411840";index
4;Rodriguez;Honorine;"kOe7q0@SNTE0U.bRPo";"1049499122";bandwidth Rhône-Alpes
5;Julien;Liétald;"6T@gIWQ.AK";"0901331202";ubiquitous
6;Vidal;Maxime;"GQu5@hof.FHWtyRq";"8590769905";Rubber deposit
7;Bourgeois;Ambre;"C@qe65e.RsPf";"7883733446";expedite Bedfordshire Coordinateur
8;Lemaire;Clémence;"lgbkJ@J65Kw.iVSJ";"6761078771";synthesize alarm Soft
9;Bertrand;Coline;"rolVF@s.RClembd";"1553654851";Loan Ingenieur Money
10;Guillot;Béatrice;"A@cS2.GokWZa";"3821444779";white
